scenario,network,iteration,is_warmup,timestamp,handshake_ms,cert_transfer_ms,ttfb_ms,ttlb_ms,server_flight1_bytes,cpu_usr_s,cpu_sys_s,cpu_ms,cpu_pct_time,max_rss_kb
A,ideal,warmup-01,True,2026-06-28T16:45:30.940927+00:00,19.329309463500977,1.6148090362548828,20.465612411499023,22.83501625061035,2005,0.009597999999999995,0.0038849999999999996,13.482999999999995,29%,9404
A,ideal,warmup-02,True,2026-06-28T16:45:35.143805+00:00,3.124713897705078,1.329183578491211,3.980875015258789,5.572080612182617,2003,0.00982100000000008,0.0030170000000000474,12.838000000000127,68%,9616
A,ideal,warmup-03,True,2026-06-28T16:45:39.353694+00:00,3.1280517578125,1.3663768768310547,4.019260406494141,5.634784698486328,2004,0.008411999999999864,0.004834000000000005,13.245999999999869,62%,9328
A,ideal,warmup-04,True,2026-06-28T16:45:43.558597+00:00,3.0944347381591797,1.3561248779296875,4.048824310302734,5.695343017578125,2005,0.008445000000000036,0.00456499999999993,13.009999999999966,62%,9372
A,ideal,warmup-05,True,2026-06-28T16:45:47.756330+00:00,3.1821727752685547,1.2965202331542969,4.029273986816406,5.621194839477539,2003,0.010183999999999749,0.002739000000000047,12.922999999999796,68%,9632
A,ideal,data-001,False,2026-06-28T16:45:51.963441+00:00,3.292560577392578,1.3277530670166016,4.235029220581055,5.777835845947266,2004,0.008113999999999955,0.0050400000000001555,13.15400000000011,68%,9468
A,ideal,data-002,False,2026-06-28T16:45:56.181824+00:00,3.2792091369628906,1.3394355773925781,4.184484481811523,5.756378173828125,2003,0.010156999999999528,0.0030399999999999316,13.19699999999946,68%,9580
A,ideal,data-003,False,2026-06-28T16:46:00.387393+00:00,3.161191940307617,1.3270378112792969,4.122495651245117,5.649566650390625,2004,0.008321999999999719,0.0046879999999998034,13.009999999999522,62%,9464
A,ideal,data-004,False,2026-06-28T16:46:04.597074+00:00,3.1354427337646484,1.308441162109375,4.106998443603516,5.678415298461914,2004,0.00869300000000095,0.00418099999999999,12.87400000000094,62%,9420
A,ideal,data-005,False,2026-06-28T16:46:08.795049+00:00,3.155231475830078,1.336812973022461,4.099130630493164,5.789279937744141,2003,0.008483000000000018,0.004506000000000121,12.98900000000014,62%,9464
A,ideal,data-006,False,2026-06-28T16:46:13.003006+00:00,3.2033920288085938,1.35040283203125,4.164934158325195,5.6362152099609375,2004,0.009001999999998844,0.003950999999999816,12.95299999999866,68%,9612
A,ideal,data-007,False,2026-06-28T16:46:17.200662+00:00,2.9740333557128906,1.3885498046875,3.9110183715820312,5.418539047241211,2004,0.008203000000001737,0.0047880000000004586,12.991000000002195,68%,9412
A,ideal,data-008,False,2026-06-28T16:46:21.400031+00:00,3.172636032104492,1.352548599243164,4.112005233764648,5.612373352050781,2005,0.009066000000000685,0.003910000000000302,12.976000000000987,68%,9512
A,ideal,data-009,False,2026-06-28T16:46:25.600251+00:00,3.254413604736328,1.377105712890625,4.138708114624023,5.644321441650391,2005,0.008243000000000222,0.00468800000000158,12.931000000001802,62%,9424
A,ideal,data-010,False,2026-06-28T16:46:29.794307+00:00,3.2682418823242188,1.3813972473144531,4.044055938720703,5.715131759643555,2004,0.0074320000000014375,0.005532999999999788,12.965000000001226,62%,9608
A,ideal,data-011,False,2026-06-28T16:46:33.993569+00:00,3.47137451171875,1.3287067413330078,4.38690185546875,6.178140640258789,2004,0.007142000000001758,0.006113000000000923,13.255000000002681,64%,9416
A,ideal,data-012,False,2026-06-28T16:46:38.191694+00:00,3.1359195709228516,1.3072490692138672,4.000663757324219,5.5294036865234375,2005,0.011188000000000642,0.0020690000000005426,13.257000000001185,68%,9508
A,ideal,data-013,False,2026-06-28T16:46:42.402395+00:00,3.175497055053711,1.3051033020019531,4.338979721069336,5.90062141418457,2003,0.009285000000001986,0.004061999999999344,13.34700000000133,68%,9464
A,ideal,data-014,False,2026-06-28T16:46:46.601389+00:00,3.228902816772461,1.3642311096191406,4.164218902587891,5.62739372253418,2004,0.010193000000001007,0.0030349999999987887,13.227999999999795,68%,9528
A,ideal,data-015,False,2026-06-28T16:46:50.794236+00:00,3.188610076904297,1.3260841369628906,4.021644592285156,5.563020706176758,2004,0.011199999999998766,0.0017449999999996635,12.94499999999843,62%,9632
A,ideal,data-016,False,2026-06-28T16:46:55.000043+00:00,3.3953189849853516,1.5447139739990234,4.331350326538086,5.982398986816406,2004,0.008663000000002086,0.004270999999999248,12.934000000001333,62%,9540
A,ideal,data-017,False,2026-06-28T16:46:59.197748+00:00,3.1037330627441406,1.3396739959716797,3.9844512939453125,5.642414093017578,2004,0.010469000000000506,0.0028300000000012204,13.299000000001726,62%,9468
A,ideal,data-018,False,2026-06-28T16:47:03.410280+00:00,2.9473304748535156,1.3594627380371094,3.9985179901123047,5.440950393676758,2005,0.009133999999999531,0.004175999999999291,13.309999999998823,62%,9636
A,ideal,data-019,False,2026-06-28T16:47:07.611952+00:00,3.0982494354248047,1.3489723205566406,3.8928985595703125,5.527973175048828,2004,0.009056999999998538,0.0037289999999998713,12.78599999999841,68%,9464
A,ideal,data-020,False,2026-06-28T16:47:11.814453+00:00,3.017425537109375,1.3184547424316406,3.9293766021728516,5.492448806762695,2004,0.00869300000000095,0.004429999999999268,13.123000000000218,66%,9512
A,edge_loss0,warmup-01,True,2026-06-28T16:47:16.919312+00:00,103.8656234741211,101.72224044799805,105.35907745361328,106.81486129760742,2004,0.012302999999995734,0.0011639999999992767,13.46699999999501,2%,9392
A,edge_loss0,warmup-02,True,2026-06-28T16:47:21.522330+00:00,103.66654396057129,101.72367095947266,104.95567321777344,106.33993148803711,2004,0.008178999999998382,0.005709000000003073,13.888000000001455,2%,9516
A,edge_loss0,warmup-03,True,2026-06-28T16:47:26.117007+00:00,103.58452796936035,101.70865058898926,104.93993759155273,106.3849925994873,2003,0.009768000000001109,0.0042200000000001125,13.988000000001222,2%,9392
A,edge_loss0,warmup-04,True,2026-06-28T16:47:30.720026+00:00,103.84321212768555,101.72557830810547,105.1032543182373,106.52017593383789,2005,0.010237999999993974,0.003523000000001275,13.76099999999525,2%,9328
A,edge_loss0,warmup-05,True,2026-06-28T16:47:35.322839+00:00,104.22801971435547,101.7158031463623,105.6985855102539,107.07330703735352,2004,0.006412999999994895,0.007479000000000013,13.891999999994908,2%,9632
A,edge_loss0,data-001,False,2026-06-28T16:47:39.932757+00:00,103.83939743041992,101.72033309936523,105.07535934448242,106.47797584533691,2004,0.008487999999999829,0.0052930000000017685,13.781000000001598,2%,9568
A,edge_loss0,data-002,False,2026-06-28T16:47:44.543140+00:00,103.8661003112793,101.74202919006348,105.1328182220459,106.56237602233887,2004,0.008889000000003477,0.004711000000000354,13.600000000003831,2%,9316
A,edge_loss0,data-003,False,2026-06-28T16:47:49.143941+00:00,104.13169860839844,101.75824165344238,105.41486740112305,106.7662239074707,2005,0.00975700000000046,0.004282999999997372,14.039999999997832,2%,9328
A,edge_loss0,data-004,False,2026-06-28T16:47:53.750274+00:00,103.94024848937988,101.70841217041016,105.18908500671387,106.58025741577148,2004,0.008147000000001015,0.005341999999998848,13.488999999999862,2%,9324
A,edge_loss0,data-005,False,2026-06-28T16:47:58.336796+00:00,103.80673408508301,101.74942016601562,105.41939735412598,107.11979866027832,2004,0.0063140000000032614,0.006952999999999321,13.267000000002582,2%,9260
A,edge_loss0,data-006,False,2026-06-28T16:48:02.944192+00:00,103.9271354675293,101.68123245239258,105.33952713012695,106.67896270751953,2003,0.008347999999998024,0.005347000000000435,13.694999999998458,2%,9376
A,edge_loss0,data-007,False,2026-06-28T16:48:07.550652+00:00,104.09021377563477,101.76777839660645,105.50880432128906,106.98294639587402,2004,0.0074709999999953425,0.005871000000002624,13.341999999997967,2%,9636
A,edge_loss0,data-008,False,2026-06-28T16:48:12.164022+00:00,104.17652130126953,101.7465591430664,105.28159141540527,106.63962364196777,2003,0.009800999999995952,0.0038799999999987733,13.680999999994725,2%,9468
A,edge_loss0,data-009,False,2026-06-28T16:48:16.756876+00:00,104.04396057128906,101.75228118896484,105.19170761108398,106.67204856872559,2004,0.008373999999996329,0.004876000000002989,13.249999999999318,2%,9560
A,edge_loss0,data-010,False,2026-06-28T16:48:21.357678+00:00,104.54583168029785,101.7618179321289,106.42504692077637,108.18147659301758,2003,0.010665000000003033,0.0029940000000010514,13.659000000004085,2%,9464
A,edge_loss0,data-011,False,2026-06-28T16:48:25.967211+00:00,104.34556007385254,101.77373886108398,105.80682754516602,107.32674598693848,2003,0.011248000000001923,0.0019060000000017396,13.154000000003663,2%,9404
A,edge_loss0,data-012,False,2026-06-28T16:48:30.574714+00:00,104.0506362915039,101.77159309387207,105.7119369506836,107.31697082519531,2004,0.006371999999998934,0.007466000000000861,13.837999999999795,2%,9616
A,edge_loss0,data-013,False,2026-06-28T16:48:35.169035+00:00,104.0656566619873,101.66811943054199,105.71885108947754,107.0709228515625,2003,0.01160899999999998,0.00198999999999927,13.59899999999925,2%,9416
A,edge_loss0,data-014,False,2026-06-28T16:48:39.774039+00:00,103.76167297363281,101.73845291137695,105.21245002746582,106.73022270202637,2005,0.007954000000005124,0.005957999999999686,13.91200000000481,2%,9632
A,edge_loss0,data-015,False,2026-06-28T16:48:44.389332+00:00,103.79338264465332,101.73463821411133,105.01956939697266,106.30512237548828,2005,0.007767999999998665,0.005735999999998853,13.503999999997518,2%,9472
A,edge_loss0,data-016,False,2026-06-28T16:48:48.995223+00:00,103.91640663146973,101.76301002502441,105.29422760009766,106.76336288452148,2004,0.00935400000000186,0.004252999999998508,13.607000000000369,2%,9508
A,edge_loss0,data-017,False,2026-06-28T16:48:53.598332+00:00,103.89351844787598,101.73821449279785,105.3457260131836,106.7202091217041,2004,0.00963000000000136,0.004113000000000255,13.743000000001615,2%,9456
A,edge_loss0,data-018,False,2026-06-28T16:48:58.194358+00:00,104.00390625,101.77230834960938,105.19266128540039,106.54115676879883,2004,0.007924000000002707,0.005998999999999199,13.923000000001906,2%,9400
A,edge_loss0,data-019,False,2026-06-28T16:49:02.796927+00:00,103.61886024475098,101.73892974853516,104.76946830749512,106.0793399810791,2004,0.009798000000003526,0.0038610000000005584,13.659000000004085,2%,9520
A,edge_loss0,data-020,False,2026-06-28T16:49:07.401453+00:00,103.7442684173584,101.73916816711426,105.1335334777832,106.53138160705566,2004,0.010830999999996038,0.002964000000002187,13.794999999998225,2%,9504
A,edge,warmup-01,True,2026-06-28T16:49:12.503557+00:00,104.16579246520996,101.74298286437988,105.38291931152344,106.74190521240234,2005,0.009364000000005035,0.003745999999999583,13.110000000004618,2%,9516
A,edge,warmup-02,True,2026-06-28T16:49:17.121543+00:00,103.79409790039062,101.75943374633789,105.08990287780762,106.4462661743164,2004,0.01130200000000059,0.002674999999999983,13.977000000000572,2%,9364
A,edge,warmup-03,True,2026-06-28T16:49:21.727182+00:00,103.79242897033691,101.7618179321289,105.20339012145996,106.57262802124023,2005,0.011747999999997205,0.0018549999999990519,13.602999999996257,2%,9520
A,edge,warmup-04,True,2026-06-28T16:49:26.333727+00:00,103.86252403259277,101.72653198242188,105.17716407775879,106.3995361328125,2004,0.010092000000000212,0.003570000000003404,13.662000000003616,2%,9264
A,edge,warmup-05,True,2026-06-28T16:49:30.937481+00:00,103.90877723693848,101.75085067749023,105.25274276733398,106.65321350097656,2004,0.007944000000009055,0.006024999999993952,13.969000000003007,2%,9404
A,edge,data-001,False,2026-06-28T16:49:35.539658+00:00,104.34579849243164,101.68218612670898,105.6375503540039,107.1312427520752,2005,0.0138510000000025,0.0019729999999995584,15.824000000002059,3%,9572
A,edge,data-002,False,2026-06-28T16:49:40.144325+00:00,104.32934761047363,101.75466537475586,105.87143898010254,107.33819007873535,2004,0.010749000000004116,0.0028020000000026357,13.551000000006752,2%,9604
A,edge,data-003,False,2026-06-28T16:49:44.744541+00:00,104.54702377319336,101.73606872558594,109.1609001159668,110.75639724731445,2005,0.010519000000002166,0.0029000000000038995,13.419000000006065,2%,9320
A,edge,data-004,False,2026-06-28T16:49:49.346991+00:00,103.53946685791016,101.6228199005127,104.41207885742188,106.14752769470215,2003,0.012728999999993107,0.0008479999999977395,13.576999999990846,2%,9456
A,edge,data-005,False,2026-06-28T16:49:53.958956+00:00,103.79910469055176,101.64952278137207,105.25059700012207,106.56285285949707,2005,0.007390000000000896,0.0064339999999987185,13.823999999999614,2%,9632
A,edge,data-006,False,2026-06-28T16:49:58.568363+00:00,104.01201248168945,101.75585746765137,105.31210899353027,106.63294792175293,2005,0.0067839999999961265,0.0065930000000022915,13.376999999998418,2%,9352
A,edge,data-007,False,2026-06-28T16:50:03.172245+00:00,103.7607192993164,101.75538063049316,105.05366325378418,106.44793510437012,2003,0.009771999999998116,0.0038350000000022533,13.607000000000369,2%,9368
A,edge,data-008,False,2026-06-28T16:50:07.779300+00:00,103.95956039428711,101.72224044799805,105.3159236907959,106.80580139160156,2005,0.007631000000003496,0.005516000000000076,13.147000000003572,2%,9460
A,edge,data-009,False,2026-06-28T16:50:12.384158+00:00,103.81865501403809,101.65071487426758,105.32855987548828,106.62221908569336,2004,0.009799000000001001,0.0038630000000026143,13.662000000003616,2%,9400
A,edge,data-010,False,2026-06-28T16:50:16.989124+00:00,103.69873046875,101.74059867858887,105.06486892700195,106.47940635681152,2004,0.007915999999994483,0.0050950000000042905,13.010999999998774,2%,9424
A,edge,data-011,False,2026-06-28T16:50:21.606319+00:00,103.97934913635254,101.74155235290527,105.11255264282227,106.45437240600586,2004,0.006534999999999513,0.006693999999995981,13.228999999995494,2%,9348
A,edge,data-012,False,2026-06-28T16:50:26.218554+00:00,104.07853126525879,101.76229476928711,105.49736022949219,107.00798034667969,2003,0.006329999999991287,0.007131999999998584,13.461999999989871,2%,9540
A,edge,data-013,False,2026-06-28T16:50:30.820460+00:00,103.58166694641113,101.6232967376709,104.96258735656738,106.48965835571289,2005,0.011420999999998571,0.0024319999999988795,13.85299999999745,2%,9468
A,edge,data-014,False,2026-06-28T16:50:35.425990+00:00,103.69396209716797,101.65262222290039,105.26919364929199,106.86707496643066,2004,0.010638000000000147,0.002803000000000111,13.441000000000258,2%,9628
A,edge,data-015,False,2026-06-28T16:50:40.026981+00:00,103.98054122924805,101.6688346862793,105.20505905151367,106.85324668884277,2005,0.012707000000006019,0.001186999999994498,13.894000000000517,2%,9356
A,edge,data-016,False,2026-06-28T16:50:44.643317+00:00,103.94573211669922,101.65619850158691,104.8586368560791,106.41789436340332,2005,0.007277999999999452,0.006256000000000483,13.533999999999935,2%,9356
A,edge,data-017,False,2026-06-28T16:50:49.235274+00:00,103.60407829284668,101.74226760864258,105.06629943847656,106.49538040161133,2004,0.009142999999994572,0.004555000000003417,13.69799999999799,2%,9540
A,edge,data-018,False,2026-06-28T16:50:53.838362+00:00,103.72400283813477,101.74798965454102,105.06844520568848,106.43386840820312,2005,0.00822500000001014,0.0053810000000069635,13.606000000017104,2%,9508
A,edge,data-019,False,2026-06-28T16:50:58.438561+00:00,103.93214225769043,101.77206993103027,105.38983345031738,106.72426223754883,2004,0.007962000000006242,0.005707999999998492,13.670000000004734,2%,9396
A,edge,data-020,False,2026-06-28T16:51:03.040496+00:00,104.04324531555176,101.67908668518066,105.4227352142334,106.77814483642578,2004,0.009743999999997754,0.0038970000000020377,13.640999999999792,2%,9476
A,edge_loss3,warmup-01,True,2026-06-28T16:51:08.149525+00:00,104.0186882019043,101.75776481628418,105.18479347229004,106.8570613861084,2004,0.006962000000001467,0.006700000000002149,13.662000000003616,2%,9452
A,edge_loss3,warmup-02,True,2026-06-28T16:51:12.755781+00:00,104.03633117675781,101.78279876708984,105.41296005249023,106.8425178527832,2004,0.011742999999995618,0.0018150000000005662,13.557999999996184,2%,9396
A,edge_loss3,warmup-03,True,2026-06-28T16:51:17.777634+00:00,105.18312454223633,101.77302360534668,106.7650318145752,518.364667892456,2004,0.007949999999993906,0.005690000000001305,13.639999999995212,1%,9564
A,edge_loss3,warmup-04,True,2026-06-28T16:51:22.384022+00:00,103.91664505004883,101.7913818359375,105.30996322631836,106.74548149108887,2004,0.010729999999995243,0.002793999999994412,13.523999999989655,2%,9328
A,edge_loss3,warmup-05,True,2026-06-28T16:51:26.984826+00:00,103.71136665344238,101.69053077697754,104.96783256530762,106.38833045959473,2003,0.010343000000005986,0.00323099999999954,13.574000000005526,2%,9460
A,edge_loss3,data-001,False,2026-06-28T16:51:31.588427+00:00,103.47366333007812,101.79305076599121,104.96282577514648,106.28008842468262,2004,0.006973999999999592,0.006678999999998325,13.652999999997917,2%,9468
A,edge_loss3,data-002,False,2026-06-28T16:51:36.190098+00:00,103.71756553649902,101.75538063049316,105.19766807556152,106.61864280700684,2004,0.009728000000009729,0.003869999999999152,13.59800000000888,2%,9264
A,edge_loss3,data-003,False,2026-06-28T16:51:40.787641+00:00,103.9266586303711,101.77469253540039,105.55744171142578,106.94408416748047,2004,0.009098999999991975,0.004581999999999198,13.680999999991172,2%,9468
A,edge_loss3,data-004,False,2026-06-28T16:51:45.396686+00:00,103.97911071777344,101.75395011901855,105.78060150146484,107.22827911376953,2004,0.006832000000002836,0.00684299999999638,13.674999999999216,2%,9512
A,edge_loss3,data-005,False,2026-06-28T16:51:50.006430+00:00,103.99985313415527,101.69410705566406,105.3609848022461,106.79817199707031,2004,0.005501000000009526,0.008103999999995892,13.605000000005418,2%,9296
A,edge_loss3,data-006,False,2026-06-28T16:51:54.618944+00:00,103.973388671875,101.78947448730469,105.42154312133789,106.77814483642578,2004,0.007840000000001623,0.005829999999996005,13.669999999997628,2%,9468
A,edge_loss3,data-007,False,2026-06-28T16:51:59.347620+00:00,,,234.46941375732422,235.8384132385254,2004,0.008115000000003647,0.005501999999999896,13.617000000003543,2%,9472
A,edge_loss3,data-008,False,2026-06-28T16:52:03.952307+00:00,104.65097427368164,101.77254676818848,106.01329803466797,107.32626914978027,2005,0.006990999999999303,0.0067430000000001655,13.733999999999469,2%,9364
A,edge_loss3,data-009,False,2026-06-28T16:52:08.551020+00:00,104.0029525756836,101.77111625671387,105.65996170043945,107.03754425048828,2003,0.011706000000003769,0.001855999999996527,13.562000000000296,2%,9360
A,edge_loss3,data-010,False,2026-06-28T16:52:13.145170+00:00,103.7900447845459,101.76396369934082,104.92348670959473,106.6739559173584,2005,0.00917799999999147,0.004660000000001219,13.83799999999269,2%,9532
A,edge_loss3,data-011,False,2026-06-28T16:52:17.749450+00:00,103.91068458557129,101.77230834960938,105.42774200439453,106.7800521850586,2004,0.010810000000020636,0.002757000000002563,13.5670000000232,2%,9360
A,edge_loss3,data-012,False,2026-06-28T16:52:22.363521+00:00,103.5149097442627,101.75442695617676,104.96807098388672,106.34040832519531,2003,0.008920999999986634,0.00470200000000176,13.622999999988394,2%,9416
A,edge_loss3,data-013,False,2026-06-28T16:52:26.966537+00:00,103.84607315063477,101.6380786895752,104.98642921447754,106.68611526489258,2004,0.007810000000006312,0.005793999999994526,13.604000000000838,2%,9628
A,edge_loss3,data-014,False,2026-06-28T16:52:31.566468+00:00,104.06851768493652,101.78828239440918,105.46994209289551,106.90665245056152,2003,0.009204000000011092,0.004398999999999376,13.603000000010468,2%,9448
A,edge_loss3,data-015,False,2026-06-28T16:52:36.166795+00:00,103.89399528503418,101.78470611572266,105.25679588317871,106.52303695678711,2004,0.01083499999998594,0.0028629999999978395,13.697999999983779,2%,9304
A,edge_loss3,data-016,False,2026-06-28T16:52:40.763810+00:00,103.7144660949707,101.76777839660645,105.01956939697266,106.41074180603027,2005,0.00893499999997971,0.004679000000002986,13.613999999982695,2%,9516
A,edge_loss3,data-017,False,2026-06-28T16:52:45.357654+00:00,103.69658470153809,101.76610946655273,104.94661331176758,106.18925094604492,2003,0.012631999999996424,0.0009569999999996526,13.588999999996076,2%,9260
A,edge_loss3,data-018,False,2026-06-28T16:52:49.958166+00:00,103.68752479553223,101.77969932556152,104.84957695007324,106.24480247497559,2004,0.010941000000002532,0.002724000000000615,13.665000000003147,2%,9516
A,edge_loss3,data-019,False,2026-06-28T16:52:54.964185+00:00,103.81293296813965,101.74846649169922,105.09896278381348,106.52637481689453,2003,0.006495000000001028,0.0071229999999999905,13.618000000001018,1%,9460
A,edge_loss3,data-020,False,2026-06-28T16:52:59.579777+00:00,103.62935066223145,101.75442695617676,104.77662086486816,106.21380805969238,2004,0.00775400000000559,0.005772999999997808,13.527000000003397,2%,9464
B,ideal,warmup-01,True,2026-06-28T16:53:04.290083+00:00,9.706497192382812,1.5561580657958984,10.487794876098633,12.309551239013672,7876,0.010035000000016225,0.00280000000000058,12.835000000016805,45%,9136
B,ideal,warmup-02,True,2026-06-28T16:53:08.491984+00:00,3.0069351196289062,1.2280941009521484,3.7736892700195312,5.422830581665039,7876,0.006077000000004773,0.006755999999995765,12.833000000000538,73%,9348
B,ideal,warmup-03,True,2026-06-28T16:53:12.693555+00:00,2.8367042541503906,1.1868476867675781,3.6962032318115234,5.20634651184082,7876,0.006022999999999001,0.006761000000004458,12.78400000000346,73%,9252
B,ideal,warmup-04,True,2026-06-28T16:53:16.892822+00:00,2.960205078125,1.2073516845703125,3.856658935546875,5.289316177368164,7876,0.008557999999993626,0.004291999999999518,12.849999999993145,66%,9204
B,ideal,warmup-05,True,2026-06-28T16:53:21.097257+00:00,2.905607223510742,1.1868476867675781,3.5517215728759766,5.274534225463867,7876,0.011131000000005997,0.0016839999999973543,12.815000000003351,73%,9408
B,ideal,data-001,False,2026-06-28T16:53:25.308546+00:00,2.9745101928710938,1.2087821960449219,3.648996353149414,5.504131317138672,7876,0.009095999999999549,0.0037590000000022883,12.855000000001837,73%,9372
B,ideal,data-002,False,2026-06-28T16:53:29.511216+00:00,2.8672218322753906,1.2354850769042969,3.640890121459961,5.314111709594727,7876,0.010156999999992422,0.0026809999999954925,12.837999999987915,66%,9360
B,ideal,data-003,False,2026-06-28T16:53:33.717746+00:00,2.8769969940185547,1.1873245239257812,3.913402557373047,5.36346435546875,7876,0.0073840000000018335,0.005367999999990047,12.751999999991881,66%,9284
B,ideal,data-004,False,2026-06-28T16:53:37.932206+00:00,3.12042236328125,1.1820793151855469,3.9505958557128906,5.7373046875,7876,0.009977000000020553,0.002898999999999319,12.876000000019872,68%,9208
B,ideal,data-005,False,2026-06-28T16:53:42.142728+00:00,3.055095672607422,1.2383460998535156,3.876209259033203,5.473852157592773,7876,0.009737000000001217,0.003005999999999176,12.743000000000393,68%,9212
B,ideal,data-006,False,2026-06-28T16:53:46.347633+00:00,2.928495407104492,1.2369155883789062,3.744363784790039,5.402565002441406,7876,0.010920999999996184,0.0018730000000033442,12.793999999999528,68%,9320
B,ideal,data-007,False,2026-06-28T16:53:50.550668+00:00,2.9006004333496094,1.1937618255615234,3.824949264526367,5.23066520690918,7876,0.009993000000008578,0.0029059999999958563,12.899000000004435,68%,9280
B,ideal,data-008,False,2026-06-28T16:53:54.751503+00:00,2.83050537109375,1.222848892211914,3.657817840576172,5.284309387207031,7876,0.007792999999992389,0.005142999999989684,12.935999999982073,66%,9276
B,ideal,data-009,False,2026-06-28T16:53:58.952993+00:00,2.973318099975586,1.1773109436035156,3.974437713623047,5.451679229736328,7876,0.006458000000009179,0.006405000000000882,12.86300000001006,62%,9408
B,ideal,data-010,False,2026-06-28T16:54:03.162802+00:00,2.795696258544922,1.2025833129882812,3.5734176635742188,5.210161209106445,7876,0.009410000000002583,0.003420999999988794,12.830999999991377,66%,9280
B,ideal,data-011,False,2026-06-28T16:54:07.363292+00:00,2.905607223510742,1.1858940124511719,3.777742385864258,5.499839782714844,7876,0.009917000000001508,0.0028559999999941965,12.772999999995704,62%,9384
B,ideal,data-012,False,2026-06-28T16:54:11.573478+00:00,2.834796905517578,1.1823177337646484,3.6497116088867188,5.200624465942383,7876,0.006602000000015096,0.00613200000000802,12.734000000023116,66%,9244
B,ideal,data-013,False,2026-06-28T16:54:15.781434+00:00,2.905607223510742,1.1951923370361328,3.9322376251220703,5.404472351074219,7876,0.008256000000017139,0.004581000000001723,12.837000000018861,62%,9232
B,ideal,data-014,False,2026-06-28T16:54:19.987926+00:00,2.917051315307617,1.1835098266601562,3.7097930908203125,5.251884460449219,7876,0.00836000000001036,0.004588999999995735,12.949000000006095,62%,9380
B,ideal,data-015,False,2026-06-28T16:54:24.200237+00:00,3.0188560485839844,1.2006759643554688,3.8576126098632812,5.4378509521484375,7876,0.006736000000017839,0.006152000000000157,12.888000000017996,62%,9344
B,ideal,data-016,False,2026-06-28T16:54:28.400073+00:00,2.968311309814453,1.1935234069824219,3.8950443267822266,5.42759895324707,7876,0.006664000000000669,0.006454000000005067,13.118000000005736,62%,9284
B,ideal,data-017,False,2026-06-28T16:54:32.602510+00:00,3.029346466064453,1.2118816375732422,3.9818286895751953,5.359411239624023,7876,0.006999000000007527,0.005724999999998204,12.72400000000573,60%,9264
B,ideal,data-018,False,2026-06-28T16:54:36.807791+00:00,3.0431747436523438,1.3041496276855469,3.948688507080078,5.617618560791016,7876,0.007263999999992166,0.005609999999990123,12.873999999982289,62%,9192
B,ideal,data-019,False,2026-06-28T16:54:41.023476+00:00,3.1576156616210938,1.3151168823242188,4.042625427246094,5.569219589233398,7876,0.010503999999997404,0.0023619999999908714,12.865999999988276,62%,9336
B,ideal,data-020,False,2026-06-28T16:54:45.217767+00:00,3.0930042266845703,1.2934207916259766,3.916025161743164,5.55419921875,7876,0.005878999999993084,0.006678000000007955,12.55700000000104,62%,9276
B,edge_loss0,warmup-01,True,2026-06-28T16:54:50.337094+00:00,103.64961624145508,101.6700267791748,104.98237609863281,106.31895065307617,7876,0.009343999999998687,0.004047999999997387,13.391999999996074,2%,9208
B,edge_loss0,warmup-02,True,2026-06-28T16:54:54.945641+00:00,103.87301445007324,101.66096687316895,105.29327392578125,106.8108081817627,7876,0.00889599999999291,0.005007000000006201,13.90299999999911,2%,9272
B,edge_loss0,warmup-03,True,2026-06-28T16:54:59.548564+00:00,103.73687744140625,101.69506072998047,104.83264923095703,106.18305206298828,7876,0.010090000000019472,0.00288999999999362,12.980000000013092,2%,9256
B,edge_loss0,warmup-04,True,2026-06-28T16:55:04.151821+00:00,103.68943214416504,101.73201560974121,104.89487648010254,106.31179809570312,7876,0.01238299999999981,0.0010410000000007358,13.424000000000547,2%,9272
B,edge_loss0,warmup-05,True,2026-06-28T16:55:08.759663+00:00,103.35326194763184,101.58610343933105,104.20012474060059,105.6971549987793,7876,0.01239599999999541,0.0009749999999968395,13.37099999999225,2%,9264
B,edge_loss0,data-001,False,2026-06-28T16:55:13.360989+00:00,103.65080833435059,101.6685962677002,104.69555854797363,106.15944862365723,7876,0.007789000000002488,0.005856000000008521,13.64500000001101,2%,9188
B,edge_loss0,data-002,False,2026-06-28T16:55:17.964974+00:00,103.63101959228516,101.65929794311523,104.9809455871582,106.36401176452637,7876,0.011464999999986958,0.0021699999999924557,13.634999999979414,2%,9336
B,edge_loss0,data-003,False,2026-06-28T16:55:22.568832+00:00,103.91020774841309,101.69577598571777,105.19003868103027,106.51540756225586,7876,0.007835999999997512,0.005436000000003105,13.272000000000617,2%,9372
B,edge_loss0,data-004,False,2026-06-28T16:55:27.159743+00:00,103.73854637145996,101.58133506774902,105.12161254882812,106.56929016113281,7876,0.010297999999977492,0.0032159999999947786,13.51399999997227,2%,9280
B,edge_loss0,data-005,False,2026-06-28T16:55:31.759142+00:00,103.7747859954834,101.66120529174805,105.06081581115723,106.47749900817871,7876,0.011562999999995327,0.0020719999999982974,13.634999999993624,2%,9364
B,edge_loss0,data-006,False,2026-06-28T16:55:36.371932+00:00,103.73258590698242,101.56083106994629,104.89201545715332,106.25815391540527,7876,0.010125999999985424,0.003495000000000914,13.620999999986338,2%,9220
B,edge_loss0,data-007,False,2026-06-28T16:55:40.975298+00:00,103.6520004272461,101.64952278137207,104.90751266479492,106.35757446289062,7876,0.010714999999976271,0.0026900000000011914,13.404999999977463,2%,9344
B,edge_loss0,data-008,False,2026-06-28T16:55:45.588636+00:00,103.82366180419922,101.67646408081055,105.44395446777344,106.75740242004395,7876,0.009954999999990832,0.0035979999999966594,13.552999999987492,2%,9344
B,edge_loss0,data-009,False,2026-06-28T16:55:50.186813+00:00,103.69491577148438,101.67622566223145,105.00335693359375,106.31275177001953,7876,0.011802999999986241,0.0018269999999915854,13.629999999977827,2%,9176
B,edge_loss0,data-010,False,2026-06-28T16:55:54.791463+00:00,103.65700721740723,101.65882110595703,104.60329055786133,106.22620582580566,7876,0.01065700000000902,0.002792999999996937,13.450000000005957,2%,9444
B,edge_loss0,data-011,False,2026-06-28T16:55:59.405593+00:00,103.81031036376953,101.67050361633301,104.94351387023926,106.59170150756836,7876,0.010551999999989903,0.0030179999999973006,13.569999999987203,2%,9272
B,edge_loss0,data-012,False,2026-06-28T16:56:04.014588+00:00,103.24883460998535,101.60541534423828,104.12287712097168,105.65710067749023,7876,0.011527000000000953,0.001976999999996565,13.503999999997518,2%,9472
B,edge_loss0,data-013,False,2026-06-28T16:56:08.627081+00:00,103.38830947875977,101.55391693115234,104.77232933044434,106.12225532531738,7876,0.008713000000000193,0.004757999999995377,13.47099999999557,2%,9320
B,edge_loss0,data-014,False,2026-06-28T16:56:13.226650+00:00,103.91354560852051,101.64713859558105,105.05223274230957,106.47153854370117,7876,0.009566000000006625,0.0038839999999993324,13.450000000005957,2%,9228
B,edge_loss0,data-015,False,2026-06-28T16:56:17.832023+00:00,103.90567779541016,101.70865058898926,104.8126220703125,106.37521743774414,7876,0.007987000000014177,0.004992999999998915,12.980000000013092,2%,9392
B,edge_loss0,data-016,False,2026-06-28T16:56:22.445318+00:00,103.65605354309082,101.6685962677002,105.03983497619629,106.71520233154297,7876,0.006870999999989635,0.006647999999998433,13.518999999988068,2%,9476
B,edge_loss0,data-017,False,2026-06-28T16:56:27.044159+00:00,103.7743091583252,101.68790817260742,105.0562858581543,106.42647743225098,7876,0.0075960000000065975,0.005534999999994739,13.131000000001336,2%,9328
B,edge_loss0,data-018,False,2026-06-28T16:56:31.648356+00:00,103.63054275512695,101.64165496826172,104.73847389221191,106.16898536682129,7876,0.009523999999998978,0.0042899999999974625,13.81399999999644,2%,9316
B,edge_loss0,data-019,False,2026-06-28T16:56:36.251648+00:00,103.79195213317871,101.68004035949707,105.06796836853027,106.36401176452637,7876,0.009733000000011316,0.00384099999999421,13.574000000005526,2%,9288
B,edge_loss0,data-020,False,2026-06-28T16:56:40.858205+00:00,103.48296165466309,101.7293930053711,104.85291481018066,106.33158683776855,7876,0.0075690000000179225,0.005532000000002313,13.101000000020235,2%,9340
B,edge,warmup-01,True,2026-06-28T16:56:45.969295+00:00,103.75046730041504,101.6988754272461,105.03005981445312,106.39190673828125,7876,0.009598999999980151,0.0038459999999957972,13.444999999975948,2%,9244
B,edge,warmup-02,True,2026-06-28T16:56:50.573992+00:00,103.61933708190918,101.64690017700195,104.69794273376465,106.06074333190918,7876,0.00925200000000359,0.004292999999989888,13.544999999993479,2%,9264
B,edge,warmup-03,True,2026-06-28T16:56:55.184717+00:00,103.71279716491699,101.69863700866699,104.96044158935547,106.34088516235352,7876,0.0060709999999915,0.0069090000000073815,12.979999999998881,2%,9292
B,edge,warmup-04,True,2026-06-28T16:56:59.805962+00:00,103.48176956176758,101.56702995300293,104.54988479614258,106.1561107635498,7876,0.007931000000013455,0.0056730000000015934,13.604000000015048,2%,9240
B,edge,warmup-05,True,2026-06-28T16:57:04.541562+00:00,,,233.4914207458496,235.07356643676758,7876,0.007213999999976295,0.005784999999988827,12.998999999965122,2%,9200
B,edge,data-001,False,2026-06-28T16:57:09.172153+00:00,103.8048267364502,101.70698165893555,104.99310493469238,106.37855529785156,7876,0.008767000000005964,0.004410999999990395,13.17799999999636,2%,9456
B,edge,data-002,False,2026-06-28T16:57:13.778752+00:00,103.81340980529785,101.70793533325195,105.30424118041992,106.71734809875488,7876,0.008750999999989517,0.004297999999991475,13.048999999980992,2%,9308
B,edge,data-004,False,2026-06-28T16:57:22.068869+00:00,104.30002212524414,101.75633430480957,105.9260368347168,107.21850395202637,7876,0.00768199999998842,0.005528999999995676,13.210999999984097,2%,9276
B,edge,data-005,False,2026-06-28T16:57:26.671983+00:00,103.46651077270508,101.70698165893555,104.45880889892578,105.79276084899902,7876,0.007196999999990794,0.006241000000002828,13.437999999993622,2%,9248
B,edge,data-006,False,2026-06-28T16:57:31.273631+00:00,103.67727279663086,101.65190696716309,104.75516319274902,106.35900497436523,7876,0.005268000000000939,0.008364999999997735,13.632999999998674,2%,9196
B,edge,data-007,False,2026-06-28T16:57:35.885940+00:00,103.51729393005371,101.53698921203613,104.86888885498047,106.21809959411621,7876,0.009369999999989886,0.004073000000005322,13.442999999995209,2%,9304
B,edge,data-008,False,2026-06-28T16:57:40.498984+00:00,103.81221771240234,101.6530990600586,105.07416725158691,106.46224021911621,7876,0.010849000000007436,0.0029389999999978045,13.78800000000524,2%,9260
B,edge,data-009,False,2026-06-28T16:57:45.105255+00:00,103.70492935180664,101.65739059448242,104.91824150085449,106.79268836975098,7876,0.00843099999997321,0.005318000000002598,13.748999999975808,2%,9236
B,edge,data-010,False,2026-06-28T16:57:49.710602+00:00,103.6839485168457,101.72533988952637,104.98690605163574,106.37712478637695,7876,0.009152999999997746,0.004457999999999629,13.610999999997375,2%,9420
B,edge,data-011,False,2026-06-28T16:57:54.309051+00:00,103.55663299560547,101.52769088745117,104.82358932495117,106.35137557983398,7876,0.009776999999985492,0.003968999999997891,13.745999999983383,2%,9288
B,edge,data-012,False,2026-06-28T16:57:58.912713+00:00,103.57666015625,101.55606269836426,104.97450828552246,106.4608097076416,7876,0.006409999999988258,0.007366000000004647,13.775999999992905,2%,9312
B,edge,data-013,False,2026-06-28T16:58:03.509758+00:00,103.67202758789062,101.67360305786133,104.83765602111816,106.24313354492188,7876,0.010673999999994521,0.002793999999994412,13.467999999988933,2%,9340
B,edge,data-014,False,2026-06-28T16:58:08.119099+00:00,103.69658470153809,101.70412063598633,104.82120513916016,106.44316673278809,7876,0.009321999999997388,0.004029000000002725,13.351000000000113,2%,9216
B,edge,data-015,False,2026-06-28T16:58:12.727295+00:00,104.13384437561035,101.72390937805176,105.46374320983887,107.02919960021973,7876,0.01030099999999834,0.002758000000000038,13.058999999998377,2%,9224
B,edge,data-016,False,2026-06-28T16:58:17.342182+00:00,103.73306274414062,101.6538143157959,105.05056381225586,106.40358924865723,7876,0.010739000000000942,0.0029490000000009786,13.68800000000192,2%,9232
B,edge,data-017,False,2026-06-28T16:58:21.942148+00:00,103.67178916931152,101.69315338134766,104.89344596862793,106.35852813720703,7876,0.0075960000000065975,0.005758000000000152,13.35400000000675,2%,9472
B,edge,data-018,False,2026-06-28T16:58:26.545545+00:00,103.70111465454102,101.65047645568848,104.90107536315918,106.32753372192383,7876,0.008432999999996582,0.0052960000000013,13.728999999997882,2%,9248
B,edge,data-019,False,2026-06-28T16:58:31.146881+00:00,103.60407829284668,101.69744491577148,104.86340522766113,106.29892349243164,7876,0.009280000000018163,0.004074000000002798,13.35400000002096,2%,9372
B,edge,data-020,False,2026-06-28T16:58:35.758786+00:00,104.05778884887695,101.64618492126465,105.40461540222168,106.6734790802002,7876,0.007744000000002416,0.005593000000004622,13.337000000007038,2%,9200
B,edge_loss3,warmup-01,True,2026-06-28T16:58:40.873692+00:00,103.72424125671387,101.66287422180176,105.03363609313965,106.45318031311035,7876,0.009727000000026464,0.003912999999997169,13.640000000023633,2%,9196
B,edge_loss3,warmup-02,True,2026-06-28T16:58:45.479530+00:00,103.77192497253418,101.71294212341309,104.94422912597656,106.20403289794922,7876,0.010457999999999856,0.003010000000003288,13.468000000003144,2%,9232
B,edge_loss3,warmup-03,True,2026-06-28T16:58:50.083064+00:00,103.88827323913574,101.67169570922852,105.02123832702637,106.33063316345215,7876,0.008800000000007913,0.00499399999999639,13.794000000004303,2%,9320
B,edge_loss3,warmup-04,True,2026-06-28T16:58:55.103805+00:00,103.66225242614746,101.76253318786621,104.66647148132324,511.3198757171631,7876,0.005705000000006066,0.007291999999992527,12.996999999998593,1%,9284
B,edge_loss3,warmup-05,True,2026-06-28T16:58:59.705967+00:00,103.89518737792969,101.65858268737793,105.54957389831543,106.84776306152344,7876,0.00843600000001743,0.005232999999989829,13.669000000007259,2%,9400
B,edge_loss3,data-001,False,2026-06-28T16:59:04.311465+00:00,103.86133193969727,101.65023803710938,105.0713062286377,106.30226135253906,7876,0.008556999999996151,0.005229999999997403,13.786999999993554,2%,9232
B,edge_loss3,data-002,False,2026-06-28T16:59:08.918073+00:00,103.84726524353027,101.65786743164062,105.21578788757324,106.56237602233887,7876,0.009628999999961252,0.0037739999999928386,13.40299999995409,2%,9336
B,edge_loss3,data-003,False,2026-06-28T16:59:13.520495+00:00,103.76286506652832,101.6693115234375,104.7661304473877,106.1697006225586,7876,0.010018000000002303,0.0035120000000006257,13.530000000002929,2%,9340
B,edge_loss3,data-004,False,2026-06-28T16:59:18.120152+00:00,103.38592529296875,101.60303115844727,104.64072227478027,106.33492469787598,7876,0.009739000000024589,0.0038419999999916854,13.581000000016274,2%,9312
B,edge_loss3,data-005,False,2026-06-28T16:59:22.734474+00:00,103.82628440856934,101.66144371032715,105.28850555419922,106.60266876220703,7876,0.007260000000030686,0.006231000000013864,13.49100000004455,2%,9216
B,edge_loss3,data-006,False,2026-06-28T16:59:27.330116+00:00,103.63483428955078,101.65071487426758,104.99000549316406,106.6274642944336,7876,0.008194000000003143,0.0057910000000021,13.985000000005243,2%,9476
B,edge_loss3,data-007,False,2026-06-28T16:59:31.929190+00:00,104.43449020385742,101.65953636169434,105.54957389831543,106.903076171875,7876,0.004923000000019329,0.008632000000005746,13.555000000025075,2%,9304
B,edge_loss3,data-008,False,2026-06-28T16:59:36.527035+00:00,103.82890701293945,101.66501998901367,105.18407821655273,106.52303695678711,7876,0.007205999999996493,0.006280000000003838,13.486000000000331,2%,9336
B,edge_loss3,data-009,False,2026-06-28T16:59:42.170741+00:00,103.51443290710449,101.51553153991699,105.00001907348633,106.4915657043457,7876,0.006365000000016607,0.007205999999996493,13.5710000000131,0%,9176
B,edge_loss3,data-010,False,2026-06-28T16:59:46.773650+00:00,103.74832153320312,101.66501998901367,105.1638126373291,106.53352737426758,7876,0.009758999999974094,0.0036960000000050286,13.454999999979123,2%,9228
B,edge_loss3,data-011,False,2026-06-28T16:59:51.372945+00:00,103.66201400756836,101.68838500976562,105.11445999145508,106.47964477539062,7876,0.010748999999975695,0.002858000000003358,13.606999999979053,2%,9172
B,edge_loss3,data-012,False,2026-06-28T16:59:55.991696+00:00,103.80434989929199,101.65572166442871,105.14235496520996,106.51540756225586,7876,0.009404999999958363,0.004078999999990174,13.483999999948537,2%,9308
B,edge_loss3,data-013,False,2026-06-28T17:00:00.589620+00:00,103.87492179870605,101.66072845458984,105.03816604614258,106.42099380493164,7876,0.008330000000000837,0.00508100000000411,13.411000000004947,2%,9320
B,edge_loss3,data-014,False,2026-06-28T17:00:05.189319+00:00,103.78909111022949,101.7005443572998,105.15570640563965,106.6138744354248,7876,0.008538000000044121,0.004871999999991772,13.410000000035893,2%,9232
B,edge_loss3,data-015,False,2026-06-28T17:00:09.794029+00:00,103.63006591796875,101.65762901306152,104.6147346496582,106.0941219329834,7876,0.006979999999998654,0.006641000000001895,13.62100000000055,2%,9284
B,edge_loss3,data-016,False,2026-06-28T17:00:14.396211+00:00,103.6062240600586,101.67860984802246,104.88295555114746,106.2309741973877,7876,0.008690999999998894,0.004970000000000141,13.660999999999035,2%,9284
B,edge_loss3,data-017,False,2026-06-28T17:00:18.989580+00:00,103.46865653991699,101.53985023498535,104.62641716003418,106.06265068054199,7876,0.009546000000000276,0.0038930000000050313,13.439000000005308,2%,9192
B,edge_loss3,data-018,False,2026-06-28T17:00:23.593507+00:00,103.56616973876953,101.66120529174805,104.65240478515625,106.07171058654785,7876,0.010245999999995092,0.003394000000000119,13.639999999995212,2%,9252
B,edge_loss3,data-019,False,2026-06-28T17:00:28.195066+00:00,103.99818420410156,101.65810585021973,105.1490306854248,106.5831184387207,7876,0.010969999999986157,0.002820999999997298,13.790999999983455,2%,9312
B,edge_loss3,data-020,False,2026-06-28T17:00:32.811447+00:00,103.53326797485352,101.69839859008789,104.85339164733887,106.3227653503418,7876,0.00812100000001692,0.005394999999992933,13.516000000009853,2%,9268
C,ideal,warmup-01,True,2026-06-28T17:00:37.532455+00:00,10.732173919677734,2.149343490600586,11.509895324707031,13.333559036254883,8092,0.008679000000029191,0.004594999999994798,13.274000000023989,41%,9876
C,ideal,warmup-02,True,2026-06-28T17:00:41.744836+00:00,3.5257339477539062,1.7802715301513672,4.428625106811523,6.249427795410156,8092,0.009213999999985845,0.004273999999995226,13.48799999998107,64%,9800
C,ideal,warmup-03,True,2026-06-28T17:00:45.948246+00:00,3.8912296295166016,2.0744800567626953,4.575967788696289,6.290197372436523,8092,0.011234000000001743,0.0028229999999922484,14.056999999993991,70%,9668
C,ideal,warmup-04,True,2026-06-28T17:00:50.166623+00:00,3.9451122283935547,1.9288063049316406,4.760265350341797,6.404638290405273,8092,0.007875000000012733,0.005864000000002534,13.739000000015267,70%,9732
C,ideal,warmup-05,True,2026-06-28T17:00:54.380825+00:00,3.357410430908203,1.6632080078125,4.0912628173828125,5.727529525756836,8093,0.009323000000051707,0.004085000000003447,13.408000000055154,68%,9832
C,ideal,data-001,False,2026-06-28T17:00:58.587477+00:00,3.4520626068115234,1.6398429870605469,4.447698593139648,5.909204483032227,8093,0.010975999999971009,0.0026760000000081163,13.651999999979125,62%,9704
C,ideal,data-002,False,2026-06-28T17:01:02.792917+00:00,3.831148147583008,2.0575523376464844,5.008220672607422,6.5135955810546875,8093,0.010193000000015218,0.004087999999995873,14.28100000001109,70%,9732
C,ideal,data-003,False,2026-06-28T17:01:06.997147+00:00,3.777742385864258,1.8036365509033203,4.621982574462891,6.286144256591797,8093,0.009034999999983029,0.004172999999994431,13.20799999997746,68%,9568
C,ideal,data-004,False,2026-06-28T17:01:11.209576+00:00,3.844738006591797,2.1245479583740234,4.649877548217773,6.204843521118164,8092,0.006764000000032411,0.007595000000009122,14.359000000041533,64%,9456
C,ideal,data-005,False,2026-06-28T17:01:15.409396+00:00,3.8340091705322266,2.0830631256103516,4.825592041015625,6.28972053527832,8091,0.01226600000001099,0.0018029999999953361,14.069000000006326,64%,9556
C,ideal,data-006,False,2026-06-28T17:01:19.625724+00:00,4.018545150756836,2.065420150756836,4.977941513061523,6.566762924194336,8093,0.014128000000027896,0.0,14.128000000027896,70%,9724
C,ideal,data-007,False,2026-06-28T17:01:23.832938+00:00,3.823518753051758,1.8703937530517578,4.646539688110352,6.475687026977539,8092,0.006728000000009615,0.006583000000006223,13.311000000015838,58%,9560
C,ideal,data-008,False,2026-06-28T17:01:28.040703+00:00,4.032373428344727,2.140045166015625,5.0506591796875,6.661176681518555,8092,0.0061479999999960455,0.00785400000000891,14.002000000004955,70%,9460
C,ideal,data-009,False,2026-06-28T17:01:32.251342+00:00,3.3690929412841797,1.676797866821289,4.286289215087891,5.79071044921875,8092,0.010294999999985066,0.0032170000000064647,13.51199999999153,68%,9700
C,ideal,data-010,False,2026-06-28T17:01:36.454356+00:00,3.669261932373047,1.7845630645751953,4.569292068481445,6.049394607543945,8091,0.006213999999999942,0.0069309999999802585,13.1449999999802,68%,9528
C,ideal,data-011,False,2026-06-28T17:01:40.663837+00:00,3.586292266845703,1.8072128295898438,4.480838775634766,6.010532379150391,8092,0.011420000000043729,0.0017729999999858137,13.193000000029542,62%,9628
C,ideal,data-012,False,2026-06-28T17:01:44.863021+00:00,3.681659698486328,1.800537109375,4.590749740600586,6.27899169921875,8093,0.008486000000004879,0.004614000000003671,13.10000000000855,58%,9536
C,ideal,data-013,False,2026-06-28T17:01:49.092386+00:00,3.7746429443359375,1.829385757446289,4.759788513183594,6.448984146118164,8093,0.00672900000000709,0.006517999999999802,13.247000000006892,58%,9764
C,ideal,data-014,False,2026-06-28T17:01:53.297584+00:00,3.453969955444336,1.7788410186767578,4.340171813964844,5.832195281982422,8091,0.010413999999968837,0.0027819999999962874,13.195999999965125,62%,9732
C,ideal,data-015,False,2026-06-28T17:01:57.505299+00:00,3.5774707794189453,1.7933845520019531,4.401445388793945,6.022930145263672,8092,0.007217000000025564,0.00591700000001083,13.134000000036394,62%,9684
C,ideal,data-016,False,2026-06-28T17:02:01.713366+00:00,3.468036651611328,1.7893314361572266,4.338979721069336,5.845308303833008,8092,0.008992999999975382,0.004569000000003598,13.56199999997898,68%,9800
C,ideal,data-017,False,2026-06-28T17:02:05.930121+00:00,3.6067962646484375,1.7998218536376953,4.396677017211914,5.914211273193359,8091,0.010378000000002885,0.003079999999982874,13.45799999998576,68%,9564
C,ideal,data-018,False,2026-06-28T17:02:10.132134+00:00,3.778219223022461,1.8105506896972656,4.624366760253906,6.26063346862793,8092,0.008023999999977605,0.005504000000001952,13.527999999979556,64%,9736
C,ideal,data-019,False,2026-06-28T17:02:14.333993+00:00,3.606557846069336,1.6753673553466797,4.507541656494141,6.019830703735352,8092,0.009619999999983975,0.0037790000000086366,13.398999999992611,62%,9636
C,ideal,data-020,False,2026-06-28T17:02:18.545272+00:00,3.393888473510742,1.6624927520751953,4.223346710205078,5.9413909912109375,8093,0.008431999999970685,0.004891000000014856,13.32299999998554,68%,9720
C,edge_loss0,warmup-01,True,2026-06-28T17:02:23.662739+00:00,104.12144660949707,102.13208198547363,105.3304672241211,106.90522193908691,8093,0.01008600000000115,0.003960000000006403,14.046000000007552,2%,9664
C,edge_loss0,warmup-02,True,2026-06-28T17:02:28.265740+00:00,104.09235954284668,101.97162628173828,105.25751113891602,106.67920112609863,8092,0.012398999999959415,0.002099000000015394,14.497999999974809,2%,9576
C,edge_loss0,warmup-03,True,2026-06-28T17:02:32.872545+00:00,104.3853759765625,102.15044021606445,105.86166381835938,107.21111297607422,8091,0.011213999999995394,0.0027690000000006876,13.982999999996082,2%,9596
C,edge_loss0,warmup-04,True,2026-06-28T17:02:37.486184+00:00,104.01058197021484,102.05864906311035,105.21888732910156,106.5068244934082,8092,0.011334000000033484,0.0030399999999985994,14.374000000032083,2%,9512
C,edge_loss0,warmup-05,True,2026-06-28T17:02:42.097535+00:00,104.42256927490234,101.98616981506348,105.76605796813965,107.26261138916016,8092,0.010487999999952535,0.0037460000000066884,14.233999999959224,2%,9708
C,edge_loss0,data-001,False,2026-06-28T17:02:46.692991+00:00,104.02560234069824,102.142333984375,105.50928115844727,106.84680938720703,8091,0.009952999999995882,0.004367000000002008,14.31999999999789,2%,9576
C,edge_loss0,data-002,False,2026-06-28T17:02:51.310213+00:00,104.2032241821289,102.12874412536621,105.78584671020508,107.10597038269043,8091,0.008127999999999247,0.006133999999974549,14.261999999973796,2%,9656
C,edge_loss0,data-003,False,2026-06-28T17:02:55.917099+00:00,103.94740104675293,102.04482078552246,105.37266731262207,106.75787925720215,8093,0.008283000000005813,0.005848000000014508,14.131000000020322,2%,9536
C,edge_loss0,data-004,False,2026-06-28T17:03:00.531299+00:00,104.33793067932129,102.14853286743164,106.07290267944336,107.25855827331543,8092,0.008535999999992328,0.0058109999999942374,14.346999999986565,2%,9580
C,edge_loss0,data-005,False,2026-06-28T17:03:05.132706+00:00,104.31241989135742,102.1275520324707,105.56697845458984,106.9176197052002,8091,0.012007999999980257,0.0020540000000153213,14.061999999995578,2%,9716
C,edge_loss0,data-006,False,2026-06-28T17:03:09.732829+00:00,104.26974296569824,102.11753845214844,105.35359382629395,107.06973075866699,8091,0.008168000000011943,0.005791000000016311,13.959000000028254,2%,9488
C,edge_loss0,data-007,False,2026-06-28T17:03:14.339857+00:00,103.83772850036621,102.01382637023926,105.32569885253906,106.7662239074707,8092,0.009433999999998832,0.004840999999998985,14.274999999997817,2%,9564
C,edge_loss0,data-008,False,2026-06-28T17:03:18.945450+00:00,104.1724681854248,102.11372375488281,105.43537139892578,106.79817199707031,8091,0.009364000000005035,0.00484199999999646,14.206000000001495,2%,9708
C,edge_loss0,data-009,False,2026-06-28T17:03:23.551937+00:00,104.08759117126465,102.12230682373047,105.15594482421875,106.6129207611084,8091,0.012069999999994252,0.0023869999999988067,14.456999999993059,2%,9644
C,edge_loss0,data-010,False,2026-06-28T17:03:28.152585+00:00,104.10332679748535,101.97234153747559,105.32617568969727,106.71567916870117,8091,0.004681000000005042,0.009525999999993928,14.20699999999897,2%,9492
C,edge_loss0,data-011,False,2026-06-28T17:03:32.767328+00:00,104.30717468261719,102.14638710021973,105.56387901306152,107.05184936523438,8092,0.008270999999979267,0.006155000000006794,14.425999999986061,2%,9732
C,edge_loss0,data-012,False,2026-06-28T17:03:37.363303+00:00,103.9283275604248,102.13947296142578,105.32093048095703,106.70137405395508,8092,0.008477000000027601,0.005611999999985073,14.089000000012675,2%,9460
C,edge_loss0,data-013,False,2026-06-28T17:03:41.979157+00:00,104.25043106079102,102.17142105102539,105.55887222290039,106.99677467346191,8091,0.010936000000015156,0.003410999999999831,14.347000000014987,2%,9764
C,edge_loss0,data-014,False,2026-06-28T17:03:46.589422+00:00,104.23040390014648,102.05435752868652,105.65757751464844,107.06400871276855,8093,0.008559999999988577,0.00553899999999885,14.098999999987427,2%,9596
C,edge_loss0,data-015,False,2026-06-28T17:03:51.194283+00:00,104.54487800598145,102.1885871887207,106.2932014465332,107.70702362060547,8093,0.00793599999997241,0.0061479999999960455,14.083999999968455,2%,9704
C,edge_loss0,data-016,False,2026-06-28T17:03:55.793492+00:00,104.03847694396973,102.13923454284668,105.41296005249023,106.95743560791016,8091,0.012812000000053558,0.001794000000018059,14.606000000071617,2%,9464
C,edge_loss0,data-017,False,2026-06-28T17:04:00.390070+00:00,104.50148582458496,102.02646255493164,105.66020011901855,107.20396041870117,8092,0.011465999999984433,0.0029120000000091295,14.377999999993563,2%,9560
C,edge_loss0,data-018,False,2026-06-28T17:04:04.995681+00:00,104.33006286621094,102.01334953308105,105.72028160095215,107.27405548095703,8092,0.01028099999996357,0.004098999999996522,14.379999999960091,2%,9600
C,edge_loss0,data-019,False,2026-06-28T17:04:09.608865+00:00,104.42209243774414,102.18095779418945,105.80325126647949,107.20133781433105,8092,0.00944699999996601,0.004072000000007847,13.518999999973857,2%,9544
C,edge_loss0,data-020,False,2026-06-28T17:04:14.215799+00:00,104.18891906738281,102.14352607727051,105.74460029602051,107.10644721984863,8091,0.012680999999986398,0.001766000000003487,14.446999999989885,2%,9740
C,edge,warmup-01,True,2026-06-28T17:04:19.338763+00:00,104.1419506072998,102.1726131439209,105.66949844360352,107.04326629638672,8092,0.010049999999978354,0.0036580000000014934,13.707999999979847,2%,9780
C,edge,warmup-02,True,2026-06-28T17:04:23.941452+00:00,104.37870025634766,102.16188430786133,105.7884693145752,107.14006423950195,8091,0.009709000000043488,0.004216000000013764,13.925000000057253,2%,9736
C,edge,warmup-03,True,2026-06-28T17:04:28.537021+00:00,104.17866706848145,102.12397575378418,105.48186302185059,106.92739486694336,8093,0.008032999999954882,0.0062590000000000146,14.291999999954896,2%,9788
C,edge,warmup-04,True,2026-06-28T17:04:33.161143+00:00,104.32052612304688,102.19788551330566,105.70859909057617,107.13052749633789,8093,0.009348999999986063,0.004290999999994938,13.639999999981,2%,9620
C,edge,warmup-05,True,2026-06-28T17:04:37.759300+00:00,104.49385643005371,102.18262672424316,105.95321655273438,107.30743408203125,8093,0.01087400000000116,0.0030280000000004748,13.902000000001635,2%,9600
C,edge,data-001,False,2026-06-28T17:04:42.359933+00:00,103.92999649047852,102.14805603027344,105.3016185760498,106.85038566589355,8093,0.009365999999999985,0.004637000000002445,14.00300000000243,2%,9592
C,edge,data-002,False,2026-06-28T17:04:46.957016+00:00,104.26616668701172,102.14042663574219,105.55434226989746,107.04231262207031,8091,0.011087999999972453,0.0032570000000191612,14.344999999991614,2%,9604
C,edge,data-003,False,2026-06-28T17:04:51.554805+00:00,104.2633056640625,102.05960273742676,105.58795928955078,106.93955421447754,8091,0.010958999999957086,0.003066000000018221,14.024999999975307,2%,9624
C,edge,data-004,False,2026-06-28T17:04:56.155443+00:00,104.27355766296387,102.1578311920166,105.71742057800293,107.10906982421875,8093,0.009546999999997752,0.0046130000000061955,14.160000000003947,2%,9824
C,edge,data-005,False,2026-06-28T17:05:00.755630+00:00,103.93524169921875,102.16426849365234,105.36932945251465,106.6281795501709,8092,0.010205999999982396,0.004026000000010299,14.231999999992695,2%,9460
C,edge,data-006,False,2026-06-28T17:05:05.359258+00:00,104.60138320922852,102.30708122253418,105.90529441833496,107.39707946777344,8092,0.009418000000039228,0.004872000000005983,14.290000000045211,2%,9764
C,edge,data-007,False,2026-06-28T17:05:09.957754+00:00,104.21371459960938,102.20479965209961,105.76224327087402,107.2533130645752,8093,0.008355999999992036,0.005907000000007656,14.262999999999693,2%,9612
C,edge,data-008,False,2026-06-28T17:05:14.573540+00:00,104.27379608154297,102.15592384338379,105.7579517364502,107.17487335205078,8093,0.008026000000029399,0.006293999999996913,14.320000000026312,2%,9724
C,edge,data-009,False,2026-06-28T17:05:19.178948+00:00,104.79545593261719,102.14495658874512,106.12964630126953,107.64169692993164,8092,0.011069000000020424,0.0030830000000037217,14.152000000024145,2%,9832
C,edge,data-010,False,2026-06-28T17:05:23.789761+00:00,104.04181480407715,102.01454162597656,105.54647445678711,106.94241523742676,8093,0.007942999999954736,0.00622100000001069,14.163999999965426,2%,9516
C,edge,data-011,False,2026-06-28T17:05:28.405764+00:00,104.73322868347168,102.17070579528809,106.2154769897461,107.63764381408691,8093,0.011937000000045828,0.0022559999999884894,14.193000000034317,2%,9680
C,edge,data-012,False,2026-06-28T17:05:33.022771+00:00,104.78520393371582,102.18214988708496,106.31847381591797,108.22415351867676,8093,0.01058100000000195,0.0036640000000147666,14.245000000016717,2%,9764
C,edge,data-013,False,2026-06-28T17:05:37.626086+00:00,103.98411750793457,102.07200050354004,105.1175594329834,106.5359115600586,8091,0.009651000000019394,0.004611000000011245,14.262000000030639,2%,9604
C,edge,data-014,False,2026-06-28T17:05:42.239457+00:00,104.23827171325684,102.10919380187988,105.34524917602539,107.08427429199219,8093,0.008687000000008993,0.005572999999998274,14.260000000007267,2%,9620
C,edge,data-015,False,2026-06-28T17:05:46.854347+00:00,104.3844223022461,102.17022895812988,105.71575164794922,107.0866584777832,8091,0.012542999999993754,0.001923000000005004,14.465999999998758,2%,9428
C,edge,data-016,False,2026-06-28T17:05:51.480879+00:00,104.3391227722168,102.18381881713867,105.54170608520508,107.18369483947754,8092,0.008089000000040869,0.006232999999980393,14.322000000021262,2%,9728
C,edge,data-017,False,2026-06-28T17:05:56.084150+00:00,104.4468879699707,102.19430923461914,105.58152198791504,106.99963569641113,8092,0.010174000000006345,0.003951000000000704,14.125000000007049,2%,9564
C,edge,data-018,False,2026-06-28T17:06:00.691558+00:00,104.29716110229492,102.14495658874512,105.49330711364746,107.0408821105957,8092,0.007848000000024058,0.006229999999987967,14.078000000012025,2%,9596
C,edge,data-019,False,2026-06-28T17:06:05.309174+00:00,104.04396057128906,102.13279724121094,105.37505149841309,106.66275024414062,8092,0.010732000000018616,0.0034240000000238524,14.156000000042468,2%,9708
C,edge,data-020,False,2026-06-28T17:06:09.914943+00:00,103.9283275604248,102.08344459533691,105.39698600769043,106.68158531188965,8091,0.006233000000008815,0.00793200000001093,14.165000000019745,2%,9536
C,edge_loss3,warmup-01,True,2026-06-28T17:06:15.016305+00:00,104.17938232421875,102.15640068054199,105.60297966003418,106.99987411499023,8093,0.009495999999955984,0.004568000000006123,14.063999999962107,2%,9544
C,edge_loss3,warmup-02,True,2026-06-28T17:06:20.628834+00:00,104.0036678314209,102.11443901062012,104.99072074890137,106.37545585632324,8092,0.00719200000003184,0.006840999999980113,14.033000000011953,0%,9632
C,edge_loss3,warmup-03,True,2026-06-28T17:06:25.239418+00:00,104.33125495910645,102.14447975158691,105.4084300994873,106.71305656433105,8093,0.010244999999997617,0.004195000000009941,14.440000000007558,2%,9752
C,edge_loss3,warmup-04,True,2026-06-28T17:06:29.850173+00:00,103.84750366210938,102.13589668273926,104.73823547363281,106.37831687927246,8092,0.010952999999972235,0.0031129999999848224,14.065999999957057,2%,9660
C,edge_loss3,data-001,False,2026-06-28T17:06:38.134305+00:00,104.33173179626465,102.1125316619873,105.4224967956543,106.9023609161377,8093,0.010300000000029286,0.00380000000001246,14.100000000041746,2%,9648
C,edge_loss3,data-002,False,2026-06-28T17:06:42.744840+00:00,104.00986671447754,102.01454162597656,105.20172119140625,106.57715797424316,8091,0.005458999999973457,0.008898999999985335,14.357999999958793,2%,9760
C,edge_loss3,data-003,False,2026-06-28T17:06:47.355003+00:00,103.96790504455566,101.97281837463379,105.2398681640625,106.65774345397949,8092,0.00864000000001397,0.005672000000004118,14.312000000018088,2%,9588
C,edge_loss3,data-004,False,2026-06-28T17:06:51.968707+00:00,104.09259796142578,102.03790664672852,105.53669929504395,106.81700706481934,8092,0.009435000000053151,0.004872000000005983,14.307000000059134,2%,9828
C,edge_loss3,data-005,False,2026-06-28T17:06:56.576715+00:00,104.36558723449707,102.19597816467285,105.42154312133789,106.8110466003418,8091,0.00994900000000598,0.004438000000021702,14.387000000027683,2%,9696
C,edge_loss3,data-006,False,2026-06-28T17:07:01.186795+00:00,104.11429405212402,102.10657119750977,105.53288459777832,106.9025993347168,8091,0.01232199999998329,0.0019159999999942556,14.237999999977546,2%,9692
C,edge_loss3,data-007,False,2026-06-28T17:07:06.190634+00:00,103.91998291015625,102.17070579528809,105.08179664611816,106.40645027160645,8093,0.007639999999980773,0.0064860000000237505,14.126000000004524,1%,9648
C,edge_loss3,data-008,False,2026-06-28T17:07:10.787411+00:00,104.60782051086426,102.12469100952148,105.78727722167969,107.14006423950195,8092,0.009243999999966945,0.0047779999999875145,14.02199999995446,2%,9520
C,edge_loss3,data-009,False,2026-06-28T17:07:15.393454+00:00,104.18176651000977,102.10490226745605,105.36360740661621,106.6739559173584,8093,0.01049399999999423,0.0039209999999911815,14.414999999985412,2%,9608
C,edge_loss3,data-010,False,2026-06-28T17:07:20.410872+00:00,104.40802574157715,102.13804244995117,105.6528091430664,512.4063491821289,8093,0.00936699999999746,0.0048429999999939355,14.209999999991396,1%,9456
C,edge_loss3,data-011,False,2026-06-28T17:07:25.013832+00:00,104.29263114929199,102.14543342590332,105.54933547973633,106.92453384399414,8092,0.011269999999967695,0.003051999999996724,14.321999999964419,2%,9664
C,edge_loss3,data-012,False,2026-06-28T17:07:29.619271+00:00,103.790283203125,101.92418098449707,105.25131225585938,107.03229904174805,8092,0.012886000000037257,0.0010169999999902757,13.903000000027532,2%,9616
C,edge_loss3,data-013,False,2026-06-28T17:07:34.225479+00:00,104.27236557006836,102.13875770568848,105.28922080993652,106.68683052062988,8091,0.011464999999986958,0.0026519999999834454,14.116999999970403,2%,9772
C,edge_loss3,data-014,False,2026-06-28T17:07:38.829088+00:00,104.11643981933594,102.12469100952148,105.11636734008789,106.66036605834961,8092,0.010071999999979653,0.003961000000003878,14.03299999998353,2%,9660
C,edge_loss3,data-015,False,2026-06-28T17:07:43.433288+00:00,104.22730445861816,102.14066505432129,105.65304756164551,107.09285736083984,8092,0.006073000000014872,0.007812999999998738,13.88600000001361,2%,9648
C,edge_loss3,data-016,False,2026-06-28T17:07:48.048745+00:00,103.759765625,102.03218460083008,105.07893562316895,106.62961006164551,8091,0.009350999999981013,0.004810000000020409,14.161000000001422,2%,9632
C,edge_loss3,data-017,False,2026-06-28T17:07:52.653848+00:00,104.40993309020996,102.11968421936035,105.76343536376953,107.26547241210938,8092,0.011338000000023385,0.003084999999998672,14.423000000022057,2%,9704
C,edge_loss3,data-018,False,2026-06-28T17:07:57.271409+00:00,104.17580604553223,102.14591026306152,105.29184341430664,106.77480697631836,8092,0.008330000000000837,0.005673999999999069,14.003999999999905,2%,9572
C,edge_loss3,data-019,False,2026-06-28T17:08:01.878579+00:00,104.17890548706055,102.17094421386719,105.47304153442383,106.842041015625,8092,0.01000400000003765,0.0041099999999971715,14.114000000034821,2%,9632
C,edge_loss3,data-020,False,2026-06-28T17:08:06.487456+00:00,104.12001609802246,102.13112831115723,105.50189018249512,107.00082778930664,8091,0.011009999999998854,0.0031210000000214677,14.131000000020322,2%,9640
